"","tank","trial.date","pop","food.treat","avgspeed","maxspeed","max.accel","swimming.time","freezing.time","burst.swimming.time","tot.dist.traveled","avg.d.from.center","prop.d.from.center","bday","time.mother.in.food.treat","mother.SL.mm","brood.size","age","PC1","PC2","PC3","PC4","PC5","week.of.measure","mom.sl.2"
"2","03-PSO-H",2019-06-26,"PSO","H",9.80710906067311,45.6009332252006,29.5641890265627,85.7333333333333,8.33333333333333,26.0333333333333,1177.83379818684,39.1692077091784,0.845015520817849,2019-06-24,0,39,3,2,0.797263571721626,1.46151653241201,-0.0437623002576858,0.120172994310064,-0.0246591151447273,1,39
"7","03-PSO-H",2019-07-01,"PSO","H",7.17216553858237,56.0926470690351,24.6010106374392,90.3,15.7333333333333,13.2,855.161204383639,40.5525325223613,0.874858629878187,2019-06-24,0,39,3,7,0.214943968548596,0.961702050200669,0.460898646235978,0.0861105961721203,0.01537272769469,1,39
"13","23-PSO-H",2019-07-02,"PSO","H",1.64945351528557,24.053117630045,13.2607628271709,50.0333333333333,69.9,0.433333333333333,198.53922145654,43.6121611122627,0.940865419333846,2019-06-29,5,44,13,3,-1.0478420388779,0.0090708544457565,1.5166586877983,0.0337391028369258,0.00223191963123283,1,44
"16","32-PSO-L",2019-07-02,"PSO","L",12.6294423093995,89.155839210795,74.9111850788666,72.6666666666667,7.76666666666667,39.7,1517.21700276919,41.3519289566703,0.892104380654996,2019-07-02,8,48,9,0,1.63337974723619,1.99643163214156,-0.195954414464245,0.155156958644518,-0.041107376019561,1,48
"20","32-PSO-L",2019-07-08,"PSO","L",12.1232883259718,209.721115676577,207.513691812491,64.3333333333333,7.86666666666667,31.2333333333333,1253.95212251635,42.0898559919176,0.908024023519483,2019-07-02,8,48,9,6,1.64403095302895,1.39759342025515,0.106013300990315,-0.141639610832807,-0.0431635571849665,1,48
"26","11-PSO-H",2019-07-16,"PSO","H",3.04676380647895,59.2762470926402,42.7639558316035,65.4666666666667,51.2333333333333,3.36666666666667,365.814774364572,43.7715287599762,0.94430353166009,2019-07-09,15,55,20,7,-0.634680262187417,0.212562397011746,1.35096323713427,0.050599593528941,0.00453210585530539,1,55
"29","17-PSO-L",2019-07-16,"PSO","L",1.69064745444803,35.5974740400403,11.5306203094326,51.2,68.5333333333333,1.13333333333333,204.342922327619,24.4092604068313,0.526592318348676,2019-07-08,14,35,6,8,-1.55754404967229,-0.685195740141769,-0.437238524356793,0.0201820523792915,0.00993316722941156,2,35
"33","23-PSO-H",2019-07-16,"PSO","H",9.32319663582226,390.469131833904,390.232422592412,56.0333333333333,26.1333333333333,22.9666666666667,980.178739646113,32.2988759246581,0.696798660415859,2019-06-29,5,44,13,17,1.2271149020916,0.042510057935254,-0.492800464411099,-0.0838723432771773,-0.0701105108006528,3,44
"36","32-PSO-L",2019-07-16,"PSO","L",9.02813708001869,155.77658304267,155.77658304267,57.5666666666667,47.1333333333333,16,1089.69614555826,45.6476942463708,0.984778921598975,2019-07-02,8,48,9,14,1.09233382743109,1.22256355134548,0.749771674644729,0.127254124224657,-0.0574459108512497,2,48
"38","48-PSO-H",2019-07-16,"PSO","H",10.1335422745172,337.746394799412,328.695428000224,80.6666666666667,14.3,23.2,1197.44691210545,38.9064623142676,0.8393471923091,2019-07-11,1,NA,5,5,1.5805066681865,0.706902522406531,-0.0216532940678018,0.104969010280151,-0.0636409265461222,1,44.9166666666667
"44","11-PSO-H",2019-07-24,"PSO","H",8.07520483991343,362.585420203654,338.115315633551,69.3666666666667,25.8333333333333,18.7,919.76583126614,50.3303205607281,1.08579939521184,2019-07-09,15,55,20,15,1.42331151661037,0.62551004567074,1.44182227585874,0.0516806706700827,-0.0154607077907445,3,55
"48","17-PSO-L",2019-07-24,"PSO","L",4.92149696360618,30.2380079103546,19.1925101764672,92.1333333333333,22.6,6.13333333333333,594.844933001201,22.4808189492447,0.484989154589318,2019-07-08,14,35,6,16,-0.844080459150885,-0.0972580645247682,-1.07537337321583,0.0553936938049397,-0.0282038627477278,3,35
"52","23-PSO-H",2019-07-24,"PSO","H",2.39213724923513,77.4680367566284,77.4680367566284,37.4333333333333,69.0333333333333,3.13333333333333,262.178242516171,18.3779046068361,0.396475076753911,2019-06-29,5,44,13,25,-1.45172672904693,-0.928633049592932,-1.1137772783345,-0.0180301542796528,-0.0428513701916646,4,44
"55","31-PSO-H",2019-07-24,"PSO","H",8.17456342498817,87.7818415861935,56.2848424265245,50.7666666666667,24.7333333333333,18,764.321680236394,42.3489573373176,0.913613737254655,2019-07-19,11,49,26,5,0.365757672001543,0.955995671685654,0.643031657508321,-0.207473063271739,0.0405344547152764,1,49
"56","32-PSO-L",2019-07-24,"PSO","L",15.3742638645943,93.4173431435515,65.2915542657262,54.5,8.16666666666667,55.8,1821.33779249227,40.544764087427,0.874691037821163,2019-07-02,8,48,9,22,2.22479102323035,2.51190476707707,-0.638575469303347,0.149579779983903,-0.0229701954951412,4,48
"58","48-PSO-H",2019-07-24,"PSO","H",9.7534975083305,79.6909656109148,62.1938042853848,59.9333333333333,20.7666666666667,27.0666666666667,1051.10191481442,43.7957759613964,0.944826627804608,2019-07-11,1,NA,5,13,0.873815488362734,1.41952061982545,0.515184096079986,-0.049755386911094,-0.00375492840935673,2,44.9166666666667
"66","11-PSO-H",2019-08-01,"PSO","H",9.57955180228428,121.963029746723,78.0839273744092,68.2,25.9666666666667,26.5333333333333,1156.25190253571,34.4385805828372,0.74295950338088,2019-07-09,15,55,20,23,0.772454621995079,1.08362683182785,-0.479708061956208,0.128629714254711,0.0164804700912109,4,55
"70","17-PSO-L",2019-08-01,"PSO","L",9.35855327656563,88.1127443848802,87.1424391576463,13.5666666666667,1.46666666666667,3.36666666666667,172.197380288808,27.812906042687,0.600020747410008,2019-07-08,14,35,6,24,-0.461429503092554,-0.0279589662152941,-0.543606268997887,-1.28102517643021,0.0727690142985877,4,35
"72","19-PSO-H",2019-08-01,"PSO","H",6.87625802142151,192.578605252094,175.877899990493,50.9,47.5333333333333,22.3333333333333,830.422760387004,43.3505775233684,0.935222155006211,2019-07-24,30,42,23,8,0.590964373060323,0.624748797212499,0.818681460768367,0.104123996236287,-0.0231821952858357,2,42
"74","31-PSO-H",2019-08-01,"PSO","H",3.40665247569201,62.2156270246717,57.3074519015437,73.3,44.2333333333333,2.96666666666667,410.501623320887,33.864016941503,0.730564174932321,2019-07-19,11,49,26,13,-0.800906087247989,-0.093139619532476,0.298116207308413,0.0460069845267716,-0.0271935603573714,2,49
"76","48-PSO-H",2019-08-01,"PSO","H",12.4216669855667,99.1803825935105,76.496455349175,83.7,1.33333333333333,35.6,1498.46709402553,45.3004724474896,0.977288144369081,2019-07-11,1,NA,5,21,1.71426268334741,2.08646249032886,0.230790823165665,0.167136902973079,-0.0231012632525414,3,44.9166666666667
"80","04-PSO-H",2019-08-08,"PSO","H",13.3980015684712,102.899765766226,81.7315170896376,69.1666666666667,3,37,1462.61517122477,41.7611335302688,0.900932341088806,2019-08-07,44,45,40,1,1.70245594993263,2.00865790179418,-0.167704844374648,-0.0483162741328063,-0.0108432990838387,1,45
"84","11-PSO-H",2019-08-08,"PSO","H",0.104442908107067,3.81580805271176,3.0746462929675,0.633333333333333,119.633333333333,0,12.5610004150099,39.1587635402604,0.844790203908115,2019-07-09,15,55,20,30,-1.57308735289327,-0.426119097647813,1.27217067170475,0.00984443073544106,-0.0124031722840442,5,55
"88","17-PSO-L",2019-08-08,"PSO","L",4.80420520197411,40.3409958532741,36.903946329998,91.2,20.7666666666667,8.5,578.746586664481,47.5335754052732,1.02546391225599,2019-07-08,14,35,6,31,-0.144892889479716,0.740629402073556,1.48833347238408,0.0734434057179203,-0.0220528119611366,5,35
"89","19-PSO-H",2019-08-08,"PSO","H",3.18129017121513,22.4216400291587,18.6666259898438,82.3666666666667,30.7,0.933333333333333,362.667079518525,28.8520861861096,0.622439463576996,2019-07-24,30,42,23,15,-1.11111108146006,-0.232784268064394,-0.177881860529131,0.00703978307111788,-0.0259049043001076,3,42
"91","24-PSO-H",2019-08-09,"PSO","H",23.5506734297632,133.918169894426,126.86365024178,35.8,0.433333333333333,54.2333333333333,2130.55092294591,45.8529523659885,0.989207050402056,2019-08-06,43,50,34,3,3.74467892753888,3.62803222566361,-0.794774504044513,-0.736506490935862,0.0039931368651703,1,50
"93","31-PSO-H",2019-08-09,"PSO","H",3.12739619063681,50.0355685987481,42.1548563847409,45.5,66.4333333333333,8.03333333333333,375.18329633673,30.5427128415463,0.658912138091104,2019-07-19,11,49,26,21,-0.994501948899586,-0.234335994251236,-0.00352838458010357,0.0372773076177832,-0.0219017908534488,3,49
"94","32-PSO-L",2019-08-09,"PSO","L",7.04274834531807,99.1489570759471,78.0476146812732,91.5,8.56666666666667,11.6666666666667,786.909748450205,27.6650393815967,0.596830751212982,2019-07-02,8,48,9,38,-0.105975492004765,0.294358288134877,-0.783800865177979,-0.00375043460749166,-0.0105990754607922,6,48
"96","48-PSO-H",2019-08-09,"PSO","H",11.1833583208832,133.170257642824,62.0433451745584,58.1,10.3333333333333,24.8666666666667,1043.4073313384,38.8292686693068,0.83768185793255,2019-07-11,1,NA,5,29,0.956124462556162,1.30201293196295,-0.0693676926965004,-0.289919766366242,0.107975434412495,5,44.9166666666667
"99","58-PSO-H-2ndBrood",2019-08-09,"PSO","H",4.47169847382815,55.1510847211558,32.803296069273,47.4,50.0666666666667,9.9,480.111359473349,41.1712950363718,0.888207481147309,2019-08-03,40,39,26,6,-0.446165696312629,0.377684413069154,0.924734591822776,-0.018169582820288,0.0164639447800944,1,39
"102","04-PSO-H",2019-08-19,"PSO","H",10.8186404037476,121.146698767521,119.28576907696,54.0666666666667,5.66666666666667,22.1333333333333,885.686027720134,36.0170317145313,0.777012163190524,2019-08-07,44,45,40,12,0.735107750648568,0.960526942485787,-0.227977772803102,-0.472862986319313,-0.00505744143309376,2,45
"105","11-PSO-H",2019-08-19,"PSO","H",3.96279948336347,97.2780738067192,64.0762492570849,68.4333333333333,44.4666666666667,7.53333333333333,477.253151113074,33.4498596517372,0.721629367250983,2019-07-09,15,55,20,41,-0.63034510330913,-0.0496305165571377,0.185191506956646,0.0571177576749931,0.0200411270530814,6,55
"108","17-PSO-L",2019-08-19,"PSO","L",13.6278334388473,787.349534166922,520.296235414203,64.7,19.9666666666667,35.6,1638.9741015787,18.8404146367712,0.406453020569646,2019-07-08,14,35,6,42,2.65755478108716,-0.13268603996996,-2.4667242633465,0.211274477030903,0.344369903159128,6,35
"109","19-PSO-H",2019-08-19,"PSO","H",7.09442966801332,694.867550831816,409.376620060816,92.8333333333333,16.1,11.5333333333333,854.642294006672,34.5140891433327,0.74458848464716,2019-07-24,30,42,23,26,1.30018521616432,-0.626754280323599,-0.011813820881473,0.153610700906912,0.425268561558846,4,42
"111","23-PSO-H",2019-08-19,"PSO","H",1.83591169976013,21.3063624963129,15.1838596793123,64.9333333333333,54.9333333333333,0.766666666666667,221.472148047731,22.4881207389497,0.485146679491946,2019-06-29,5,44,13,51,-1.58954383067756,-0.71146361287199,-0.652904033766108,0.0163980657522083,-0.0244106127043055,8,44
"112","24-PSO-H",2019-08-19,"PSO","H",4.7459856578195,468.549584152565,342.615927203189,69.6333333333333,43.2333333333333,7.6,571.733072245322,37.4366438424956,0.80763811535626,2019-08-06,43,50,34,13,0.468193951544945,-0.614582062976184,0.569700961452593,0.0974724768997566,0.159201481689195,2,50
"114","31-PSO-H",2019-08-19,"PSO","H",7.31971440008936,355.679654170479,333.769299913996,92.6333333333333,13.4333333333333,14.5333333333333,882.757556650777,26.3652583443256,0.568789970855266,2019-07-19,11,49,26,31,0.621796214561531,-0.327445514594705,-0.921065220368827,0.098951010779473,-0.0441777473681463,5,49
"115","32-PSO-L",2019-08-19,"PSO","L",4.39571112778797,39.4446083319053,35.6702867723968,92.5,23.3333333333333,4.7,529.829714602709,21.9196046949985,0.472881818672203,2019-07-02,8,48,9,48,-0.953329007431827,-0.26112305119046,-1.05563209006975,0.0456715897056802,-0.0408612004800459,7,48
"119","48-PSO-H",2019-08-19,"PSO","H",8.6933709721514,175.573345451656,169.049098448161,75.2333333333333,14.8,22.9666666666667,982.350919853108,30.643106078827,0.661077968054202,2019-07-11,1,NA,5,39,0.570623475487073,0.510122328675279,-0.682087611101719,0.0137828841405046,-0.0484614060251207,6,44.9166666666667
"121","54-PSO-L",2019-08-19,"PSO","L",16.7165085544603,1703.36906927257,1703.36906927257,66.8333333333333,14.8,28.2333333333333,1836.58707318337,40.6954194261095,0.877941195455854,2019-08-19,41,35,9,0,6.42618895555384,-1.7019481555392,-0.270728054125188,0.00846703816615195,-0.209843535251265,1,35
"122","58-PSO-H-2ndBrood",2019-08-19,"PSO","H",2.30270715855635,24.6904857273672,12.1942046860921,62.4333333333333,55.9666666666667,0.6,274.022151868205,24.0061846589166,0.517896577919559,2019-08-03,40,39,26,16,-1.44075858372469,-0.565084886893007,-0.560606652223772,0.0188622418081392,-0.0128208888589579,3,39
"1","02-BON-L",2019-06-26,"BON","L",3.06054146659089,286.352053497868,262.747430148269,67.7666666666667,57.2666666666667,4.03333333333333,395.013885287997,37.1256157977182,0.800928162803787,2019-06-21,0,NA,12,5,-0.233517711412714,-0.598892238506677,0.71925557056612,0.0943138913348938,-0.0128755892187815,1,49.7627118644068
"3","09-BON-L",2019-06-26,"BON","L",8.96692691717655,387.216775209262,328.678514212376,85.0666666666667,14.0666666666667,24.5666666666667,1109.20885965474,43.188717069962,0.931730264224284,2019-06-21,0,NA,14,5,1.53668746727634,0.605393009762206,0.546541725795651,0.180664618764856,0.0248669131106708,1,49.7627118644068
"4","12-BON-H",2019-06-26,"BON","H",12.988936064828,184.848986111031,163.617601497044,84.1333333333333,3.16666666666667,44.3333333333333,1709.77695066686,38.5721583106543,0.832135096679742,2019-06-22,0,66,25,4,2.02065943688866,1.85656742929995,-0.592581287009237,0.378593143624211,-0.0621558404936382,1,66
"5","21-BON-H",2019-06-26,"BON","H",7.90815238445581,368.931664096523,367.173137648452,100.433333333333,15.0333333333333,15.0666666666667,1032.27749125097,40.1363353924471,0.865879815777361,2019-06-26,2,NA,8,0,1.28019903512569,0.295231437357178,0.355131961403682,0.23037245376876,-0.0854261200168396,1,49.7627118644068
"6","40-BON-L",2019-06-26,"BON","L",6.30170425707439,41.8089922359262,31.7024479387294,103.133333333333,18.6666666666667,9.96666666666667,830.354564273836,35.6680753401441,0.769483965157139,2019-06-24,0,37,3,2,-0.0530801617019384,0.688811894601511,0.0353278434273911,0.184464933995071,-0.0355178146628612,1,37
"8","09-BON-L",2019-07-01,"BON","L",8.69867955542571,49.0158424065622,29.8925522676824,80.2,15.0333333333333,24.6,1042.39176672518,35.0632277278288,0.75643530652889,2019-06-21,0,NA,14,10,0.424568615998364,1.08082916134244,-0.307118369558371,0.101435286310685,-0.0180150765034185,2,49.7627118644068
"10","13-BON-H",2019-07-02,"BON","H",0.720948310045918,13.4642717593184,12.5756638386898,29.1666666666667,91.4333333333333,0,86.9463661915377,43.831488269329,0.945597066020038,2019-07-02,8,46,6,0,-1.27428632579392,-0.15771251857939,1.66454375511191,0.0217867039190917,-0.0115860771801774,1,46
"11","21-BON-H",2019-07-02,"BON","H",1.53154183856524,23.722743645687,21.8636275411435,8.63333333333333,15.8,0.433333333333333,38.0843403856556,43.3191501546332,0.934544157775404,2019-06-26,2,NA,8,6,-1.22123091013228,-0.168336694491881,1.59310790901714,-0.182063628758865,0.00684209643358507,1,49.7627118644068
"12","22-BON-H",2019-07-02,"BON","H",3.16930988659915,49.2382856179652,34.0714609012555,58.5666666666667,56.3,5.4,381.162335694991,41.7902131506264,0.901559689252806,2019-06-27,3,67,48,5,-0.683257752107929,0.19192480340923,1.13021672169807,0.0504695720038553,0.000763305917386812,1,67
"14","27-BON-L",2019-07-02,"BON","L",4.77259415565358,214.127115417022,136.005241613266,53.8,57.6,9.26666666666667,575.893028115532,41.1415951648793,0.887566752017329,2019-06-27,3,45,5,5,0.00775294371010285,0.141912599676813,0.87917749523738,0.0860286065899297,0.0962567682691685,1,45
"15","29-BON-H",2019-07-02,"BON","H",1.24048972078992,33.4902373329744,29.8361688469832,38.1666666666667,79.2333333333333,1,146.873982941526,26.4436456521812,0.570481056676173,2019-07-02,8,46,7,0,-1.58999623113522,-0.729471482702093,-0.164484672915379,0.00909431064517106,-0.0242004759970749,1,46
"17","35-BON-L",2019-07-02,"BON","L",1.5187398214512,102.325911842949,35.7529421858225,43.8,75.3,0.933333333333333,182.29940323486,43.2109409297499,0.932209709879471,2019-06-30,6,65,33,2,-0.966958165132195,-0.165390512904357,1.50668001495907,0.0422262047947402,0.0995877586224771,1,65
"18","40-BON-L",2019-07-02,"BON","L",2.09370149677107,282.039244585011,235.966276028074,50.4333333333333,69.4333333333333,0.833333333333333,252.709770660268,41.3559797688376,0.892191770708394,2019-06-24,0,37,3,8,-0.409787696604551,-0.624632884914782,1.29177838929285,0.0525812573858291,0.0405259912772592,2,37
"19","02-BON-L",2019-07-08,"BON","L",1.4467618824555,18.9399371750911,14.3430810771966,44.3666666666667,76.0666666666667,0.133333333333333,174.431257628051,32.5291899105796,0.701767331066797,2019-06-21,0,NA,12,17,-1.40725405420476,-0.425610844857805,0.41906583597081,0.0205873576090508,-0.0172618209802579,3,49.7627118644068
"21","35-BON-L",2019-07-08,"BON","L",1.96758509020654,22.2478294086136,19.8095509924479,64.9,55.7,0.333333333333333,237.946623575645,28.0360649099254,0.604835057360434,2019-06-30,6,65,33,8,-1.39712589979818,-0.49206779189111,-0.107420317996691,0.0233956574186311,-0.0274306420610371,2,65
"22","40-BON-L",2019-07-08,"BON","L",1.99966120198981,14.9185783962317,13.7779217734684,72.2333333333333,48.1333333333333,0,240.692553346173,44.3783580213393,0.957394941324168,2019-06-24,0,37,3,14,-0.954419693173042,0.119278085084191,1.54553900622014,0.0366727616931826,-0.0157012984527676,2,37
"23","01-BON-L",2019-07-16,"BON","L",3.56038202658689,43.6452316983198,27.7059307059843,71.0333333333333,46.5333333333333,2.9,428.907354802834,23.8621289859982,0.514788797941426,2019-07-08,14,NA,22,8,-1.10192846351881,-0.356519116095566,-0.744776382196017,0.0393418002814973,-0.0136128528174477,2,49.7627118644068
"24","02-BON-L",2019-07-16,"BON","L",7.64590309036358,38.7775365389073,22.0124474645248,88.4333333333333,16.5666666666667,15.5666666666667,921.841049261503,28.2552385632553,0.609563392439182,2019-06-21,0,NA,12,25,-0.0285295093176169,0.650769052202596,-0.860147277036007,0.0914666095384577,-0.0239058363342551,4,49.7627118644068
"25","09-BON-L",2019-07-16,"BON","L",4.01790899377342,34.4041822186928,26.6033240049096,77.4,29,3,439.559243918812,36.6457256774592,0.790575270222533,2019-06-21,0,NA,14,25,-0.697349136887814,0.170428501689999,0.515657440707862,-0.00990736516335123,-0.0128314730504367,4,49.7627118644068
"27","12-BON-H",2019-07-16,"BON","H",2.54194105279316,33.7370125446198,19.6638186665637,66.4666666666667,53.4666666666667,1.23333333333333,307.998524230105,26.2280284430043,0.565829446419904,2019-06-22,0,66,25,24,-1.29709445871476,-0.453774355394599,-0.368766348852376,0.031731686166989,-0.0105550254145709,4,66
"28","13-BON-H",2019-07-16,"BON","H",2.36951753193657,30.1243618307208,20.3221712027018,61.3333333333333,57.3666666666667,1.63333333333333,285.131943009701,15.3340295289578,0.330808145134177,2019-07-02,8,46,6,14,-1.64528225506115,-0.878998193053778,-1.44976373942042,0.0159387535782954,-0.0262012776363476,2,46
"30","18-BON-L",2019-07-16,"BON","L",15.2853011180647,2647.10242895657,2637.24193263259,76.0666666666667,11.3333333333333,23.2,1690.55430365795,42.7140952374567,0.921491026863046,2019-07-08,14,45,7,8,8.49921935215966,-4.41831839020999,0.37211666940398,0.0691621841820966,-0.276085104601693,2,45
"31","21-BON-H",2019-07-16,"BON","H",2.21494676374071,24.4904920257276,19.2826473936228,70.9666666666667,49.3666666666667,0.233333333333333,267.048748148339,30.5352396127231,0.658750914652705,2019-06-26,2,NA,8,20,-1.26817021590216,-0.354453536334673,0.112937691836672,0.0280119957026161,-0.0212566332748131,3,49.7627118644068
"32","22-BON-H",2019-07-16,"BON","H",9.0130180909113,1287.42353902772,780.863884083997,84.4666666666667,16.2333333333333,19.6666666666667,1084.86694420936,36.5295705751614,0.78806940222049,2019-06-27,3,67,48,19,2.99693162162383,-1.44805113350404,0.0580432553673881,0.230762924298491,0.778145493041122,3,67
"34","27-BON-L",2019-07-16,"BON","L",2.86637430397758,25.8797115379646,21.9483427065662,72.7333333333333,40.2666666666667,1.33333333333333,327.72212875477,26.4049664286088,0.569646611810846,2019-06-27,3,45,5,19,-1.24184216851497,-0.391486962488684,-0.384007912150539,0.00567793745185919,-0.0271235283519607,3,45
"35","29-BON-H",2019-07-16,"BON","H",2.18115412512029,21.1816719758196,14.8039149654051,61.7666666666667,58.4,0.533333333333333,263.265302902019,33.5911301515837,0.724677061396096,2019-07-02,8,46,7,14,-1.20087400616862,-0.240654866514311,0.426413986611645,0.03089234456151,-0.0161560064992844,2,46
"37","35-BON-L",2019-07-16,"BON","L",1.38552986410873,17.1764670525743,17.1764670525743,52.7666666666667,65.7666666666667,0.233333333333333,164.554763527314,32.279187950747,0.696373922605182,2019-06-30,6,65,33,16,-1.42969881960693,-0.450987651549835,0.403848487494674,0.0152773883444801,-0.025310404793991,3,65
"39","53-BON-L",2019-07-16,"BON","L",7.6524076454603,604.662853563393,593.020600106544,57.0333333333333,41.3,13.2,853.498532723672,41.6035891725518,0.897533563444986,2019-07-16,22,46,18,0,1.68291555928887,-0.45633014451027,0.692046476864355,0.0237164951281106,-0.0653986199748803,1,46
"40","01-BON-L",2019-07-24,"BON","L",1.66418549141911,162.511887062131,162.252289447079,51.2,71.3,0.8,205.194071091976,33.1990228951044,0.716217949330046,2019-07-08,14,NA,22,16,-0.971178155878035,-0.744528010562806,0.494708553425291,0.0351243087230567,-0.0397306355291947,3,49.7627118644068
"41","02-BON-L",2019-07-24,"BON","L",0.819787509129479,17.8860455383521,11.6182708136193,31.7666666666667,88.4,0.0333333333333333,98.5384585973633,10.6135249983163,0.228970507158457,2019-06-21,0,NA,12,33,-2.16752034237178,-1.33725265108516,-1.71953383156744,-0.007072262592619,-0.0295789334400761,5,49.7627118644068
"42","07-BON-H",2019-07-24,"BON","H",0.957728809959723,11.3858368888881,9.19116999085089,40.9333333333333,79.5333333333333,0,115.374397306481,37.1712642640109,0.801912958381102,2019-07-22,28,45,26,2,-1.4098613291918,-0.341655888010665,0.955501541232554,0.0183722844589324,-0.0153250236389518,1,45
"43","09-BON-L",2019-07-24,"BON","L",11.5247216851582,75.8972937721779,63.5548520751217,66.9333333333333,15.6333333333333,38.0333333333333,1389.88143523008,38.8624782266239,0.838398303145861,2019-06-21,0,NA,14,33,1.27907669748233,1.71939182301505,-0.304195290550963,0.147739473399108,-0.0420350079266507,5,49.7627118644068
"45","12-BON-H",2019-07-24,"BON","H",8.93769883248294,351.70433600247,218.406415157278,87.0666666666667,13.8,19.7666666666667,1078.18440249186,30.0233613078306,0.647707926098644,2019-06-22,0,66,25,32,0.954238545748025,0.300040775465123,-0.790667196285692,0.137781217309939,0.161377319868228,5,66
"46","13-BON-H",2019-07-24,"BON","H",1.87781147222099,21.110226356075,19.2554728140963,61.6666666666667,58.9333333333333,0.166666666666667,226.777032128554,44.460714121454,0.959171647744877,2019-07-02,8,46,6,22,-0.96566719882558,0.0824059257443606,1.57170229398955,0.0367932663657618,-0.0145137760658568,4,46
"47","14-BON-H",2019-07-24,"BON","H",16.0019705391444,303.615233478164,303.615233478164,65.6666666666667,3.3,50.9666666666667,1919.16966666139,45.2363167257733,0.975904083169733,2019-07-24,30,35,11,0,3.08239237232828,2.22543868763575,-0.199492096390976,0.197248022257873,-0.0970108116714,1,35
"49","18-BON-L",2019-07-24,"BON","L",10.0445550025095,606.241753875431,479.881172117291,76.5,17.0333333333333,26.3666666666667,1204.34214480089,27.2242107098115,0.587320549412481,2019-07-08,14,45,7,16,1.77069475259366,-0.274144530435277,-1.15074792408898,0.146064445338703,0.119087329763907,3,45
"50","21-BON-H",2019-07-24,"BON","H",2.99920804466339,115.023475864712,68.6815678297981,53.4666666666667,62.7,4.43333333333333,361.704490186404,23.9819512938312,0.517373780272722,2019-06-26,2,NA,8,28,-1.09217036862219,-0.615990596956242,-0.641300998264808,0.0406901858194871,0.0388454732797302,4,49.7627118644068
"51","22-BON-H",2019-07-24,"BON","H",4.28878336412384,85.7725576037993,59.6083351561217,46.9,62.2333333333333,11.0333333333333,515.368800922215,29.6951232327074,0.640626693563591,2019-06-27,3,67,48,27,-0.678231751678224,-0.0980285154567649,-0.241808742557044,0.0542855309689737,0.0037603701823561,4,67
"53","27-BON-L",2019-07-24,"BON","L",5.36499857029993,37.5662082196225,32.07518619119,73.3666666666667,34.1333333333333,12.8333333333333,645.588161292758,21.8991246078447,0.472439992234427,2019-06-27,3,45,5,27,-0.733039600987577,-0.0573951894877998,-1.19057762073518,0.0555256188757298,-0.0410911961650534,4,45
"54","29-BON-H",2019-07-24,"BON","H",3.08753039510782,26.5053448125291,21.8788643278406,68.8333333333333,49.5666666666667,1.56666666666667,370.400729733102,20.7648012339029,0.447968706940016,2019-07-02,8,46,7,22,-1.32903708229319,-0.535548344110982,-0.99633328661682,0.0265130228118645,-0.0336854144619953,4,46
"57","35-BON-L",2019-07-24,"BON","L",7.03402783700804,35.380174316895,26.3011249286985,81.0666666666667,23.4666666666667,16.2666666666667,849.710562710571,25.7454807929345,0.55541922171302,2019-06-30,6,65,33,24,-0.239520467957791,0.435415072409443,-1.03174236981408,0.0831686930506285,-0.0379019984316227,4,65
"59","53-BON-L",2019-07-24,"BON","L",2.11499196894436,25.6809555758731,17.9851980203261,53.7666666666667,61.9,1.43333333333333,247.665559563385,37.5582600154558,0.8102617975736,2019-07-16,22,46,18,8,-1.10479988224528,-0.128552746763934,0.843723118680297,0.0230289778352914,-0.00949114757617959,2,46
"60","01-BON-L",2019-07-31,"BON","L",1.61058479582954,30.5412835355687,25.9818858314884,39.8333333333333,80.3666666666667,0.566666666666667,194.504957176347,22.9905366181115,0.495985530738295,2019-07-08,14,NA,22,23,-1.60372450037286,-0.766208961344179,-0.568386774352358,0.0146419258070666,-0.0269398870723807,4,49.7627118644068
"61","02-BON-L",2019-07-31,"BON","L",6.35571177916018,193.372821577904,193.372821577904,11.1333333333333,20.5666666666667,3.06666666666667,220.966912855469,38.4446906990299,0.829385178656792,2019-06-21,0,NA,12,40,-0.197786487792015,-0.174162418673871,0.726562376810668,-0.704544404186541,0.0222908073681358,6,49.7627118644068
"62","07-BON-H",2019-07-31,"BON","H",1.97534200745637,190.387828151578,183.804337100788,69.0666666666667,50.9666666666667,0.566666666666667,238.226246099238,16.658936729547,0.359390983889908,2019-07-22,28,45,26,9,-1.29942929099624,-1.34610202181588,-1.21708743259331,0.0190165756322618,-0.044655699587027,2,45
"63","02-BON-L",2019-08-01,"BON","L",5.78630422842533,39.1791558102013,31.9240363587237,101.133333333333,14.1333333333333,5.56666666666667,699.178427601394,17.9631496658316,0.387527375664654,2019-06-21,0,NA,12,41,-0.738050830749389,-0.112293591293704,-1.64924900188442,0.061211008845734,-0.0432136457880463,6,49.7627118644068
"64","07-BON-H",2019-08-01,"BON","H",5.44340899407231,265.101300382929,259.381158947958,84.0333333333333,33.0333333333333,3.2,654.66065502043,37.5611725080262,0.81032463012933,2019-07-22,28,45,26,10,0.283074799666735,-0.0889184864053028,0.450926235599851,0.0788505762160955,-0.0492722266414278,2,45
"65","09-BON-L",2019-08-01,"BON","L",3.3675074348107,135.563414460508,122.981131459592,59.2666666666667,58.2666666666667,2.7,404.886643912073,24.2131244512702,0.522360986230085,2019-06-21,0,NA,14,41,-0.906275071256414,-0.635450457688746,-0.656446276374771,0.0392664898385582,-0.0273289918918714,6,49.7627118644068
"67","12-BON-H",2019-08-01,"BON","H",2.64113899584284,52.0408543538984,41.6445814227598,82.3333333333333,37,1.16666666666667,318.257248999062,38.8755372330969,0.838680031161349,2019-06-22,0,66,25,40,-0.874908037888753,-0.0342808529021957,0.90782714434524,0.0421730788529052,-0.00888689118878388,6,66
"68","13-BON-H",2019-08-01,"BON","H",1.28431908363573,23.8914810774505,20.799338512698,45.2666666666667,75.1333333333333,0.1,154.760449578106,23.8118834755008,0.513704828193123,2019-07-02,8,46,6,30,-1.67302959887111,-0.787863327035658,-0.441697031599041,0.0105340878569344,-0.0270655362961252,5,46
"69","14-BON-H",2019-08-01,"BON","H",1.72346578728139,15.159382260516,12.2114932073581,58.2666666666667,62.1,0.0333333333333333,207.505280788679,37.0257746504404,0.798774243334893,2019-07-24,30,35,11,8,-1.22492112349778,-0.19970331988407,0.836901904431128,0.0271402643131354,-0.0173307681457709,2,35
"71","18-BON-L",2019-08-01,"BON","L",4.70930749386071,82.5614269932418,81.1229908604781,57.4,55.2666666666667,7.66666666666667,566.686668427906,34.0626137611901,0.734848596416326,2019-07-08,14,45,7,24,-0.433912827031412,0.119928658531437,0.146557483242242,0.0603684748726712,-0.0403536235000883,4,45
"73","22-BON-H",2019-08-01,"BON","H",2.61548990836654,39.9542803238152,20.8310694972617,61.6666666666667,56.9666666666667,1.56666666666667,314.381886985659,35.3307321920419,0.762206304651355,2019-06-27,3,67,48,35,-1.02102350927943,-0.123203928193072,0.547342236062405,0.0382990093222126,0.00587496283047669,5,67
"75","43-BON-L",2019-08-01,"BON","L",15.2620114243672,82.0763635548851,60.7737280424757,73.4,3.86666666666667,42.9,1833.98503949479,40.2494158156673,0.868319352298784,2019-07-28,34,42,17,4,2.19712838373478,2.52284827267894,-0.671074202475805,0.184683769854356,-0.0382658867738213,1,42
"77","52-BON-H-2ndBrood",2019-08-01,"BON","H",5.48580644695332,42.0513337753816,28.7751916110612,88.9,25.4,5.83333333333333,659.028214493992,39.7171401978593,0.856836323034056,2019-07-29,35,47,38,3,-0.210727524251217,0.606025980282479,0.601781172403093,0.0729549390975207,-0.0125930765331035,1,47
"78","01-BON-L",2019-08-08,"BON","L",7.27184041494332,168.658045742328,162.952484681043,93.3,12.3,6.7,816.627678598135,34.3020056433778,0.74001310874214,2019-07-08,14,NA,22,31,0.326051491304723,0.373840490817363,-0.121296401116007,0.00843341409797934,-0.0416406390959601,5,49.7627118644068
"79","02-BON-L",2019-08-08,"BON","L",3.14858880561063,33.5559281092928,33.5559281092928,73.7333333333333,42.2,4.76666666666667,380.034668837203,11.6737661223476,0.251843581647678,2019-06-21,0,NA,12,48,-1.54085409863969,-0.873426853726783,-1.92598152475078,0.0217782888800861,-0.0510432267271723,7,49.7627118644068
"81","06-BON-H",2019-08-08,"BON","H",2.43440905742159,59.1535971792064,31.6324814162149,72.3333333333333,46.6666666666667,1.16666666666667,292.534821733495,31.5196459320486,0.679987969657682,2019-08-08,28,57,42,0,-1.13241900746286,-0.33723592880625,0.189315390030423,0.0346147758966522,0.0173741057174961,1,57
"82","07-BON-H",2019-08-08,"BON","H",2.15291286362041,253.90334465502,246.150923564233,71.2,47.2666666666667,0.466666666666667,256.053103246588,40.8523567293701,0.881326876831775,2019-07-22,28,45,26,17,-0.434755980298975,-0.611604483211021,1.23329594222026,0.040638536821193,-0.0286763429079103,3,45
"83","09-BON-L",2019-08-08,"BON","L",5.64797468928174,35.9696731249838,24.289669032407,38.7,4.4,2.8,259.242038238032,43.1237570649772,0.930328851848213,2019-06-21,0,NA,14,48,-0.515370142752809,0.399368660454556,1.1781861968842,-0.532816625009755,0.0476189053654325,7,49.7627118644068
"85","12-BON-H",2019-08-08,"BON","H",3.09232252177,28.2517105611363,25.41665787008,96.9666666666667,21.9333333333333,1.4,372.006399368931,25.3660267630283,0.547233083584102,2019-06-22,0,66,25,47,-1.19277390179069,-0.375287785000638,-0.529893512318886,0.032092694164943,-0.0335853433658368,7,66
"86","13-BON-H",2019-08-08,"BON","H",0.118492776322961,4.10552555465264,3.52859746235752,0.633333333333333,119.6,0,14.2467814732307,45.9518889768345,0.991341455886146,2019-07-02,8,46,6,37,-1.38063320361332,-0.179877479378195,1.9597504652962,0.0162185052700204,-0.00720551575238594,6,46
"87","14-BON-H",2019-08-08,"BON","H",0.18411445150525,5.97809334152627,4.11140768936867,2.1,118.233333333333,0,22.155105664465,42.1973018732985,0.910342003451294,2019-07-24,30,35,11,15,-1.46616759632894,-0.304786562177761,1.57004292436845,0.0137909052125649,-0.00830727290835031,3,35
"90","18-BON-L",2019-08-09,"BON","L",4.91721312094095,29.6928606535746,24.3136637893348,89.0333333333333,23.9666666666667,4.66666666666667,578.592077230718,23.1319967848192,0.499037316654747,2019-07-08,14,45,7,32,-0.837131508246717,-0.095221189746589,-0.998395966586658,0.0321910211351247,-0.0359387700630707,5,45
"92","29-BON-H",2019-08-09,"BON","H",1.6602904243158,35.284867274918,34.2950057368853,58.5666666666667,60.8333333333333,0.633333333333333,199.29019393204,30.3447335587305,0.654641039017007,2019-07-02,8,46,7,38,-1.37315323545244,-0.510251922740759,0.173751268856543,0.0198718733328538,-0.0280364190273995,6,46
"95","41-BON-H",2019-08-09,"BON","H",1.9338603961018,123.027593991235,28.1543014234136,51.1333333333333,61.2,0.5,218.203914693487,39.4600863623315,0.851290781180888,2019-08-05,42,49,72,4,-0.971770962939259,-0.244591265836645,1.07889152061907,0.0279417002962327,0.147975151085455,1,49
"97","52-BON-H-2ndBrood",2019-08-09,"BON","H",9.00231290044208,62.6943350808839,49.9332616002009,56.4666666666667,7.43333333333333,14.0333333333333,701.580252041119,36.3988675103479,0.785249684262294,2019-07-29,35,47,38,11,0.193406831883804,0.806541283708043,0.0205247643274762,-0.443528935774515,0.0231352671127167,2,47
"98","53-BON-L",2019-08-09,"BON","L",3.14171336099049,57.6290702551479,53.0877123950446,88.5666666666667,23.1333333333333,1.2,354.699438455826,29.94622036345,0.646043728656201,2019-07-16,22,46,18,24,-1.00704871010508,-0.297825133626547,-0.0499265663754824,0.00436960488062397,-0.0262052419725209,4,46
"100","60-BON-L",2019-08-09,"BON","L",11.2957969182288,493.739925833481,384.995304984263,83.0333333333333,4.63333333333333,24.6333333333333,1268.5179939171,34.7477836699491,0.74963008527353,2019-08-05,42,39,15,4,1.93015534732207,0.452015348687674,-0.534128685228835,0.0345978289519048,0.110441647123909,1,39
"101","01-BON-L",2019-08-19,"BON","L",6.94229306531497,36.9462288143015,35.5585882364934,104.166666666667,8.76666666666667,7.6,836.777724139298,29.0452958788556,0.626607666067968,2019-07-08,14,NA,22,42,-0.157996633015364,0.518841624213168,-0.681495145726019,0.0813394674202677,-0.0491064976443354,6,49.7627118644068
"103","06-BON-H",2019-08-19,"BON","H",2.95562590932725,40.4148099067778,35.4426487962721,78.8,39.9333333333333,1.7,355.955880346646,12.9032658470696,0.278368150588292,2019-08-08,28,57,42,11,-1.5424613975138,-0.880878440096264,-1.77320139278361,0.0204553307358927,-0.0404990220620631,2,57
"104","07-BON-H",2019-08-19,"BON","H",2.43896308945912,35.2441955967408,29.2241791104263,68.4333333333333,50.2666666666667,1.86666666666667,294.057649819121,33.6895118625026,0.726799495766183,2019-07-22,28,45,26,28,-1.10225167645513,-0.222959294365151,0.405194268179581,0.0340420528917979,-0.0190158742133407,4,45
"106","12-BON-H",2019-08-19,"BON","H",4.55372750408428,187.682716436474,185.847491787991,71.4,40.6333333333333,8.06666666666667,546.902673240522,8.19155906034824,0.176720310430694,2019-06-22,0,66,25,58,-0.928276765830323,-1.12521053667151,-2.42815035014371,0.0373254874638622,-0.0699430942319798,9,66
"107","14-BON-H",2019-08-19,"BON","H",3.64200837593532,44.0778115687262,43.5821388877799,81.8,34.3333333333333,4.5,439.347610416998,27.536934802223,0.594067091588759,2019-07-24,30,35,11,26,-0.959563429175048,-0.22966107814523,-0.380776924431152,0.042302157346069,-0.0399436238893112,4,35
"110","22-BON-H",2019-08-19,"BON","H",7.74087771618472,87.6457189195757,86.3109866963138,86.1333333333333,18.6666666666667,15.3,929.679413713785,32.9925992111274,0.711764675265376,2019-06-27,3,67,48,53,0.262278758318494,0.684761241303724,-0.374265616871776,0.0912519536011971,-0.0533037444102841,8,67
"113","29-BON-H",2019-08-19,"BON","H",12.6411758482739,466.75452934448,462.724855608672,24.2,26.1333333333333,7.26666666666667,728.131728860578,31.3812723581351,0.677002772241995,2019-07-02,8,46,7,48,1.50960023429199,-0.0975988264629044,-0.62447714011176,-0.991684962084531,0.0102569474356787,7,46
"116","40-BON-L-2ndBrood",2019-08-19,"BON","L",8.73001682040887,88.7709922381001,71.3884138739618,83.5333333333333,7.06666666666667,16.5666666666667,935.56680258715,36.9428335249064,0.796984915888938,2019-08-15,35,37,11,4,0.472954138904995,0.946396616048571,-0.0423650537409711,-0.0562108941089872,-0.00761360296452257,1,37
"117","41-BON-H",2019-08-19,"BON","H",3.68379208772848,340.589573337479,249.659288205829,79.8,37.1,3.66666666666667,444.142532710464,36.2500940101272,0.782040124403277,2019-08-05,42,49,72,14,-0.08788960241877,-0.578764707663659,0.564899790419594,0.0747723687074883,0.108700638695691,2,49
"118","47-BON-H",2019-08-19,"BON","H",2.38521205264251,171.290554911894,95.0142078341667,14.8,13.5,0.433333333333333,68.5350929792613,11.3901950315328,0.245725970722973,2019-08-12,49,46,17,7,-1.70614114645799,-1.50077320532732,-1.69151609245048,-0.290496263389147,0.113252887675254,1,46
"120","52-BON-H-2ndBrood",2019-08-19,"BON","H",4.26369440284716,118.28565902758,109.661791299567,73.0333333333333,42.5,4.5,511.78545148842,28.2966175746235,0.610456081081287,2019-07-29,35,47,38,21,-0.620570124634122,-0.265571346328278,-0.368187846031792,0.0505611715365339,-0.0330800988976021,3,47
"123","60-BON-L",2019-08-19,"BON","L",5.19193877776684,685.446134193553,682.907218247164,71.5666666666667,34.5333333333333,8.76666666666667,596.380700939484,35.0110659549214,0.755309996361081,2019-08-05,42,39,15,14,1.17133642422085,-1.39023099886018,0.359691022145424,0.0482247885418748,-0.0915519671108834,2,39
